Year,quarter,RetailSales
2017,Q1,94693.49000000143
2017,Q2,184469.04000000193
2017,Q3,179689.56000000206
2017,Q4,229950.68000000072
2018,Q1,153595.90000000258
2018,Q2,nan
2018,Q3,nan
2018,Q4,nan
